{
    "version": 6,
    "configurePresets": [
        {
            "name": "evk_setting01_default_conf",
            "binaryDir": "${fileDir}/../../../_build/evk_setting01/default",
            "generator": "Ninja",
            "toolchainFile": "${fileDir}/.generated/toolchain.cmake",
            "cacheVariables": {
                "CMAKE_USER_MAKE_RULES_OVERRIDE": {
                    "type": "FILEPATH",
                    "value": "${fileDir}/.generated/overrides.cmake"
                },
                "CMAKE_EXPORT_COMPILE_COMMANDS": {
                    "type": "BOOL",
                    "value": "ON"
                }
            }
        }
    ]
}