<?xml version="1.0" encoding="UTF-8"?>
<project-private xmlns="http://www.netbeans.org/ns/project-private/1">
    <editor-bookmarks xmlns="http://www.netbeans.org/ns/editor-bookmarks/2" lastBookmarkId="0"/>
    <open-files xmlns="http://www.netbeans.org/ns/projectui-open-files/2">
        <group>
            <file>file:/C:/MASTERS25/25005_MCU1/Lab2/src/main.c</file>
            <file>file:/C:/MASTERS25/25005_MCU1/Lab2/src/config/default/peripheral/adc/plib_adc.c</file>
            <file>file:/C:/MASTERS25/25005_MCU1/Lab2/src/config/default/peripheral/adc/plib_adc_common.h</file>
        </group>
    </open-files>
</project-private>
